name,region,address,avg_cost,service_score,env_score,overall_score,popularity,business_hours,source_url,source_site,crawl_time
北京温莎KTV,\N,北京建国门外大街甲6号中环世贸中心C座SK大厦B1层,250,4.5,\N,86,25236,周一至周日 全天,https://www.cityhui.com/shop/17400.html,城市惠,2026-03-24T17:41:49
北京纯K,\N,建国门外大街1号国贸商城3期(北区裙楼)四层,180,4.5,\N,85,18132,周一至周日 11:00-06:00,https://www.cityhui.com/shop/17401.html,城市惠,2026-03-24T17:41:49
北京尚客KTV,\N,三丰北里2号楼悠唐生活广场F3层F3-13,300,4.5,\N,84,15702,周一至周日 19:00-06:00,https://www.cityhui.com/shop/17402.html,城市惠,2026-03-24T17:41:50
北京金库KTV,\N,堂子胡同9号西单新一代商城服装市场8-10层,100,4.5,\N,82,14226,周一至周日 11:00-06:00,https://www.cityhui.com/shop/17403.html,城市惠,2026-03-24T17:41:50
北京INLOVE爱上银乐迪KTV,\N,欣宁街15号荟聚购物中心3层3-03-63-R、4层3-04-06,70,4.5,\N,80,12438,周一至周日 10:00-02:00,https://www.cityhui.com/shop/17404.html,城市惠,2026-03-24T17:41:51
北京酷姿KTV,\N,望京阜通东大街6号院4号楼方恒购物中心F4层,100,4.5,\N,78,11997,周一至周日 13:00-07:00,https://www.cityhui.com/shop/17405.html,城市惠,2026-03-24T17:41:51
北京音乐之声KTV,\N,日坛北路17号,100,4.5,\N,77,11763,周一至周日 10:30-06:00,https://www.cityhui.com/shop/17406.html,城市惠,2026-03-24T17:41:52
北京麦乐迪KTV,\N,月坛北街2号月坛大厦B1层,110,4.5,\N,75,21415,周一至周日 10:00-06:00,https://www.cityhui.com/shop/17407.html,城市惠,2026-03-24T17:41:53
北京钱柜KTV,\N,北京惠新东街4号富盛大厦1层,80,4.5,\N,73,12647,周一至周日 12:00-06:00,https://www.cityhui.com/shop/17408.html,城市惠,2026-03-24T17:41:53
北京糖果KTV,\N,和平西街79号糖果三层星光现场,130,4.5,\N,72,17427,周一至周日 10:30-06:00,https://www.cityhui.com/shop/17409.html,城市惠,2026-03-24T17:41:54
北京唱吧麦颂KTV,\N,学院东路7号弘彧大厦3楼,70,4.5,\N,70,16390,周一至周日 13:00-02:00,https://www.cityhui.com/shop/17410.html,城市惠,2026-03-24T17:41:54
"北京京浙会KTV会所-朝阳店】消费价格,怎么样,预订电话,地址-北京商务KTV-城市惠",朝阳区,北京市-朝阳区-东四环中路76号,\N,4.5,\N,88,21759,晚上19:00至凌晨3:30 所在区域： 所在榜单： 北京商务KTV排行榜,https://www.cityhui.com/shop/34433.html,城市惠,2026-03-24T17:41:55
"北京图兰朵KTV夜总会-朝阳店】消费价格,怎么样,预订电话,地址-北京商务KTV-城市惠",朝阳区,北京朝阳区日坛北路17号,\N,4.5,\N,88,18454,晚上19:00至凌晨3:30 所在区域： 所在榜单： 北京商务KTV排行榜,https://www.cityhui.com/shop/34434.html,城市惠,2026-03-24T17:41:55
"北京日坛名亨KTV会所-朝阳店】消费价格,怎么样,预订电话,地址-北京商务KTV-城市惠",朝阳区,北京市朝阳区日坛北路17号,\N,4.5,\N,88,18702,晚上19:00至凌晨3:30 所在区域： 所在榜单： 北京商务KTV排行榜,https://www.cityhui.com/shop/34436.html,城市惠,2026-03-24T17:41:56
"北京国宾酒店KTV夜总会-西城店】消费价格,怎么样,预订电话,地址-北京商务KTV-城市惠",\N,北京市西城北京阜成门外大街9号,\N,4.5,\N,88,14472,晚上19:00至凌晨3:30 所在区域： 所在榜单： 北京商务KTV排行榜,https://www.cityhui.com/shop/34437.html,城市惠,2026-03-24T17:41:57
"北京富丽宫KTV夜总会-海淀店】消费价格,怎么样,预订电话,地址-北京商务KTV-城市惠",海淀区,北京市海淀区北京新世纪日航饭店3-5楼,\N,4.5,\N,88,14309,晚上19:00至凌晨3:30 所在区域： 所在榜单： 北京商务KTV排行榜,https://www.cityhui.com/shop/34438.html,城市惠,2026-03-24T17:41:58
"北京广电酒店KTV夜总会-西城店】消费价格,怎么样,预订电话,地址-北京商务KTV-城市惠",西城区,北京市西城区西便门外大街2号,\N,4.5,\N,88,12231,晚上19:00至凌晨3:30 所在区域： 所在榜单： 北京商务KTV排行榜,https://www.cityhui.com/shop/34439.html,城市惠,2026-03-24T17:41:58
"北京海航大厦KTV会所-朝阳店】消费价格,怎么样,预订电话,地址-北京商务KTV-城市惠",朝阳区,北京市-朝阳区-霄云路甲26号,\N,4.5,\N,88,14581,晚上19:00至凌晨3:30 所在区域： 所在榜单： 北京商务KTV排行榜,https://www.cityhui.com/shop/34440.html,城市惠,2026-03-24T17:41:59
"北京云鼎汇KTV会所-朝阳店】消费价格,怎么样,预订电话,地址-北京商务KTV-城市惠",朝阳区,北京市朝阳区百子湾西里104-1号,\N,4.5,\N,88,19204,晚上19:00至凌晨3:30 所在区域： 所在榜单： 北京商务KTV排行榜,https://www.cityhui.com/shop/34441.html,城市惠,2026-03-24T17:41:59
"北京凯富酒店KTV会所-朝阳店】消费价格,怎么样,预订电话,地址-北京商务KTV-城市惠",朝阳区,北京市朝阳区工人体育场北路6号,\N,4.5,\N,88,12800,晚上19:00至凌晨3:30 所在区域： 所在榜单： 北京商务KTV排行榜,https://www.cityhui.com/shop/34442.html,城市惠,2026-03-24T17:42:00
"北京鑫耀国际KTV】消费价格,怎么样,预订电话,地址-北京商务KTV-城市惠",朝阳区,北京市朝阳区小营北路 展开 + 北京鑫耀国际KTV-相关推荐 北京百富怡KTV 北京市东城区东直门外大街 北京东方名赫KTV 北京市东城区交道口东大街 北京明日五洲KTV 北京市西城区马连道南口 北京鹏润国际KTV 北京市朝阳区霄云路 北京鑫耀国际KTV 北京市朝阳区小营北路 北京图兰朵KTV 北京市朝阳区日坛北路 北京富华KTV 北京市东城区朝阳门北大街 北京东方美爵KTV 北京市东城区交道口东大街 北京金碧国际KTV 北京市西城区马连道 北京广电国际KTV 北京市西城区西便门外大街 猜你喜欢 北京京浙会KTV会所-朝阳店 习惯了白日里北京的紧张与迅速，夜晚的北京便更显珍贵。夜幕降临，北京精彩的下半场拉开帷幕，北京不打烊的夜生活在等待你的加入。北京的历史文化厚重，北京的现代生活发达， 北京图兰朵KTV夜总会-朝阳 夜晚十点，你以为北京的大街已经回归安静？不，夜晚十点北京的夜生活才刚刚开始。最美不过人间烟火，那么北京的夜晚便是美不胜收。叫上许久不见的几兄弟一起，好好享受北京的 北京日坛精英汇KTV-朝阳店 在北京，你无法遵循妈妈那句反复的叮嘱：不要走夜路，因为北京的夜才是真正的灵魂。没有人能够抵挡住北京夜生活的诱惑，这夜让人痴迷，让人忘了回家的路。豪华的娱乐会所，档 北京日坛名亨KTV会所-朝阳 夜色抹去了最后一缕残阳，北京的夜就像剧场里的绒幕，慢慢落下来了。你以为这夜是静的？不，这夜是喧嚣的，是热闹的，是繁华的。可不要负了这美好的夜晚，好好享受吧！北京 北京国宾酒店KTV夜总会-西 皓悦当空，群星璀璨，在星悦的陪伴下，北京的夜开始了，并非只有星悦之光照下，霓虹闪烁，也让人目不暇接。那便伴着星悦，走在霓虹之中，感受夜晚的美丽，享受夜生活的欢愉！ 网站简介 网站合作 联系我们 免责声明 ©2026 cityhui.com 城市惠 粤ICP备14048902号-3 免责声明：本站为注册用户提供信息存储空间服务，网页上的内容均是注册用户发布上传，不代表本站观点，版权归原作者所有， 如有侵权、虚假信息、错误信息或任何问题，请及时联系我们，我们将在第一时间删除或更正。,\N,4.5,\N,88,8017,晚上19:00至凌晨3:30 所在区域： 所在榜单： 北京商务KTV排行榜,https://www.cityhui.com/shop/39202.html,城市惠,2026-03-24T17:42:00
"北京鹏润国际KTV】消费价格,怎么样,预订电话,地址-北京商务KTV-城市惠",朝阳区,北京市朝阳区霄云路,\N,4.5,\N,88,6154,晚上19:00至凌晨3:30 所在区域： 所在榜单： 北京商务KTV排行榜,https://www.cityhui.com/shop/39203.html,城市惠,2026-03-24T17:42:01
"北京八号公馆KTV】消费价格,怎么样,预订电话,地址-北京商务KTV-城市惠",朝阳区,北京市朝阳区朝阳公园路,\N,4.5,\N,88,9638,晚上19:00至凌晨3:30 所在区域： 所在榜单： 北京商务KTV排行榜,https://www.cityhui.com/shop/39204.html,城市惠,2026-03-24T17:42:01
"北京广电国际KTV】消费价格,怎么样,预订电话,地址-北京商务KTV-城市惠",西城区,北京市西城区西便门外大街,\N,4.5,\N,88,8039,晚上19:00至凌晨3:30 所在区域： 所在榜单： 北京商务KTV排行榜,https://www.cityhui.com/shop/103518.html,城市惠,2026-03-24T17:42:30
"北京明日五洲KTV】消费价格,怎么样,预订电话,地址-北京商务KTV-城市惠",西城区,北京市西城区马连道南口,\N,4.5,\N,88,9495,晚上19:00至凌晨3:30 所在区域： 所在榜单： 北京商务KTV排行榜,https://www.cityhui.com/shop/103525.html,城市惠,2026-03-24T17:42:34
"北京东方汇KTV】消费价格,怎么样,预订电话,地址-北京商务KTV-城市惠",海淀区,北京市海淀区车道沟东路,\N,4.5,\N,88,9155,晚上19:00至凌晨3:30 所在区域： 所在榜单： 北京商务KTV排行榜,https://www.cityhui.com/shop/39207.html,城市惠,2026-03-24T17:42:03
"北京东方名赫KTV】消费价格,怎么样,预订电话,地址-北京商务KTV-城市惠",东城区,北京市东城区交道口东大街,\N,4.5,\N,88,8578,晚上19:00至凌晨3:30 所在区域： 所在榜单： 北京商务KTV排行榜,https://www.cityhui.com/shop/103526.html,城市惠,2026-03-24T17:42:34
"北京京浙会KTV】消费价格,怎么样,预订电话,地址-北京商务KTV-城市惠",朝阳区,北京市朝阳区东四环中路,\N,4.5,\N,88,9199,晚上19:00至凌晨3:30 所在区域： 所在榜单： 北京商务KTV排行榜,https://www.cityhui.com/shop/103471.html,城市惠,2026-03-24T17:42:04
"北京八号公馆KTV】消费价格,怎么样,预订电话,地址-北京商务KTV-城市惠",朝阳区,北京市朝阳区朝阳公园西路,\N,4.5,\N,88,7423,晚上19:00至凌晨3:30 所在区域： 所在榜单： 北京商务KTV排行榜,https://www.cityhui.com/shop/103472.html,城市惠,2026-03-24T17:42:05
"北京海航国际KTV】消费价格,怎么样,预订电话,地址-北京商务KTV-城市惠",朝阳区,北京市朝阳区霄云路甲,\N,4.5,\N,88,9176,晚上19:00至凌晨3:30 所在区域： 所在榜单： 北京商务KTV排行榜,https://www.cityhui.com/shop/103473.html,城市惠,2026-03-24T17:42:05
"北京图兰朵KTV】消费价格,怎么样,预订电话,地址-北京商务KTV-城市惠",朝阳区,北京市朝阳区日坛北路,\N,4.5,\N,88,8965,晚上19:00至凌晨3:30 所在区域： 所在榜单： 北京商务KTV排行榜,https://www.cityhui.com/shop/103522.html,城市惠,2026-03-24T17:42:32
"北京日坛精英汇KTV】消费价格,怎么样,预订电话,地址-北京商务KTV-城市惠",朝阳区,北京市朝阳区日坛路,\N,4.5,\N,88,8124,晚上19:00至凌晨3:30 所在区域： 所在榜单： 北京商务KTV排行榜,https://www.cityhui.com/shop/103475.html,城市惠,2026-03-24T17:42:06
"北京云鼎汇KTV】消费价格,怎么样,预订电话,地址-北京商务KTV-城市惠",朝阳区,北京市朝阳区百子湾西里,\N,4.5,\N,88,10107,晚上19:00至凌晨3:30 所在区域： 所在榜单： 北京商务KTV排行榜,https://www.cityhui.com/shop/103476.html,城市惠,2026-03-24T17:42:07
"北京凯富国际KTV】消费价格,怎么样,预订电话,地址-北京商务KTV-城市惠",朝阳区,北京市朝阳区工人体育场北路,\N,4.5,\N,88,5919,晚上19:00至凌晨3:30 所在区域： 所在榜单： 北京商务KTV排行榜,https://www.cityhui.com/shop/103477.html,城市惠,2026-03-24T17:42:07
"北京京时国际KTV】消费价格,怎么样,预订电话,地址-北京商务KTV-城市惠",朝阳区,北京市朝阳区曙光西路临,\N,4.5,\N,88,9332,晚上19:00至凌晨3:30 所在区域： 所在榜单： 北京商务KTV排行榜,https://www.cityhui.com/shop/103478.html,城市惠,2026-03-24T17:42:08
"北京昆泰紫水晶KTV】消费价格,怎么样,预订电话,地址-北京商务KTV-城市惠",朝阳区,北京市朝阳区门外大街乙,\N,4.5,\N,88,8404,晚上19:00至凌晨3:30 所在区域： 所在榜单： 北京商务KTV排行榜,https://www.cityhui.com/shop/103479.html,城市惠,2026-03-24T17:42:09
"北京金彩汇KTV】消费价格,怎么样,预订电话,地址-北京商务KTV-城市惠",朝阳区,北京市朝阳区东三环南路乙,\N,4.5,\N,88,5609,晚上19:00至凌晨3:30 所在区域： 所在榜单： 北京商务KTV排行榜,https://www.cityhui.com/shop/103481.html,城市惠,2026-03-24T17:42:10
"北京京华时代KTV】消费价格,怎么样,预订电话,地址-北京商务KTV-城市惠",\N,北京市朝阳东直门外大街,\N,4.5,\N,88,8133,晚上19:00至凌晨3:30 所在区域： 所在榜单： 北京商务KTV排行榜,https://www.cityhui.com/shop/103482.html,城市惠,2026-03-24T17:42:10
"北京名人国际KTV】消费价格,怎么样,预订电话,地址-北京商务KTV-城市惠",朝阳区,北京市朝阳区安立路,\N,4.5,\N,88,8222,晚上19:00至凌晨3:30 所在区域： 所在榜单： 北京商务KTV排行榜,https://www.cityhui.com/shop/103483.html,城市惠,2026-03-24T17:42:11
"北京卿城国际KTV】消费价格,怎么样,预订电话,地址-北京商务KTV-城市惠",朝阳区,北京市朝阳区民族西路,\N,4.5,\N,88,9928,晚上19:00至凌晨3:30 所在区域： 所在榜单： 北京商务KTV排行榜,https://www.cityhui.com/shop/103484.html,城市惠,2026-03-24T17:42:11
"北京五洲风情KTV】消费价格,怎么样,预订电话,地址-北京商务KTV-城市惠",朝阳区,北京市朝阳区北辰东路,\N,4.5,\N,88,9449,晚上19:00至凌晨3:30 所在区域： 所在榜单： 北京商务KTV排行榜,https://www.cityhui.com/shop/103486.html,城市惠,2026-03-24T17:42:12
"北京缤纷年代KTV】消费价格,怎么样,预订电话,地址-北京商务KTV-城市惠",朝阳区,北京市朝阳区光华路,\N,4.5,\N,88,9622,晚上19:00至凌晨3:30 所在区域： 所在榜单： 北京商务KTV排行榜,https://www.cityhui.com/shop/103487.html,城市惠,2026-03-24T17:42:13
"北京城市之光KTV】消费价格,怎么样,预订电话,地址-北京商务KTV-城市惠",朝阳区,北京市朝阳区小营路,\N,4.5,\N,88,6221,晚上19:00至凌晨3:30 所在区域： 所在榜单： 北京商务KTV排行榜,https://www.cityhui.com/shop/103488.html,城市惠,2026-03-24T17:42:14
"北京双子座KTV】消费价格,怎么样,预订电话,地址-北京商务KTV-城市惠",朝阳区,北京市朝阳区裕民路,\N,4.5,\N,88,6520,晚上19:00至凌晨3:30 所在区域： 所在榜单： 北京商务KTV排行榜,https://www.cityhui.com/shop/103489.html,城市惠,2026-03-24T17:42:14
"北京城宝饭店KTV】消费价格,怎么样,预订电话,地址-北京商务KTV-城市惠",朝阳区,北京市朝阳区霄云里,\N,4.5,\N,88,8296,晚上19:00至凌晨3:30 所在区域： 所在榜单： 北京商务KTV排行榜,https://www.cityhui.com/shop/103490.html,城市惠,2026-03-24T17:42:15
"北京中康KTV】消费价格,怎么样,预订电话,地址-北京商务KTV-城市惠",朝阳区,北京市朝阳区石佛营东里,\N,4.5,\N,88,9408,晚上19:00至凌晨3:30 所在区域： 所在榜单： 北京商务KTV排行榜,https://www.cityhui.com/shop/103491.html,城市惠,2026-03-24T17:42:15
"北京蓝爵KTV】消费价格,怎么样,预订电话,地址-北京商务KTV-城市惠",朝阳区,北京市朝阳区工人体育场东路,\N,4.5,\N,88,6848,晚上19:00至凌晨3:30 所在区域： 所在榜单： 北京商务KTV排行榜,https://www.cityhui.com/shop/103492.html,城市惠,2026-03-24T17:42:16
"北京宫宵国际KTV】消费价格,怎么样,预订电话,地址-北京商务KTV-城市惠",朝阳区,北京市朝阳区关东店,\N,4.5,\N,88,7673,晚上19:00至凌晨3:30 所在区域： 所在榜单： 北京商务KTV排行榜,https://www.cityhui.com/shop/103493.html,城市惠,2026-03-24T17:42:16
"北京渔阳饭店KTV】消费价格,怎么样,预订电话,地址-北京商务KTV-城市惠",朝阳区,北京市朝阳区东直门外小街,\N,4.5,\N,88,7572,晚上19:00至凌晨3:30 所在区域： 所在榜单： 北京商务KTV排行榜,https://www.cityhui.com/shop/103494.html,城市惠,2026-03-24T17:42:17
"北京金沙砾KTV】消费价格,怎么样,预订电话,地址-北京商务KTV-城市惠",朝阳区,北京市朝阳区东三环南路,\N,4.5,\N,88,5521,晚上19:00至凌晨3:30 所在区域： 所在榜单： 北京商务KTV排行榜,https://www.cityhui.com/shop/103495.html,城市惠,2026-03-24T17:42:17
"北京星晖国际KTV】消费价格,怎么样,预订电话,地址-北京商务KTV-城市惠",朝阳区,北京市朝阳区静安中心,\N,4.5,\N,88,5623,晚上19:00至凌晨3:30 所在区域： 所在榜单： 北京商务KTV排行榜,https://www.cityhui.com/shop/103496.html,城市惠,2026-03-24T17:42:18
"北京金夜星光KTV】消费价格,怎么样,预订电话,地址-北京商务KTV-城市惠",朝阳区,北京市朝阳区东三环北路,\N,4.5,\N,88,8618,晚上19:00至凌晨3:30 所在区域： 所在榜单： 北京商务KTV排行榜,https://www.cityhui.com/shop/103497.html,城市惠,2026-03-24T17:42:18
"北京江南汇KTV】消费价格,怎么样,预订电话,地址-北京商务KTV-城市惠",朝阳区,北京市朝阳区管庄朝阳路,\N,4.5,\N,88,7059,晚上19:00至凌晨3:30 所在区域： 所在榜单： 北京商务KTV排行榜,https://www.cityhui.com/shop/103498.html,城市惠,2026-03-24T17:42:19
"北京私人订制KTV】消费价格,怎么样,预订电话,地址-北京商务KTV-城市惠",朝阳区,北京市朝阳区大屯北路,\N,4.5,\N,88,8678,晚上19:00至凌晨3:30 所在区域： 所在榜单： 北京商务KTV排行榜,https://www.cityhui.com/shop/103499.html,城市惠,2026-03-24T17:42:20
"北京百乐门KTV】消费价格,怎么样,预订电话,地址-北京商务KTV-城市惠",朝阳区,北京市朝阳区慧忠路,\N,4.5,\N,88,9025,晚上19:00至凌晨3:30 所在区域： 所在榜单： 北京商务KTV排行榜,https://www.cityhui.com/shop/103500.html,城市惠,2026-03-24T17:42:20
"北京星辉国际KTV】消费价格,怎么样,预订电话,地址-北京商务KTV-城市惠",朝阳区,北京市朝阳区北三环东路,\N,4.5,\N,88,7332,晚上19:00至凌晨3:30 所在区域： 所在榜单： 北京商务KTV排行榜,https://www.cityhui.com/shop/103501.html,城市惠,2026-03-24T17:42:21
"北京名媛国际KTV】消费价格,怎么样,预订电话,地址-北京商务KTV-城市惠",朝阳区,北京市朝阳区东北三环,\N,4.5,\N,88,9259,晚上19:00至凌晨3:30 所在区域： 所在榜单： 北京商务KTV排行榜,https://www.cityhui.com/shop/103502.html,城市惠,2026-03-24T17:42:21
"北京骏马国际KTV】消费价格,怎么样,预订电话,地址-北京商务KTV-城市惠",海淀区,北京市海淀区中关村南路南,\N,4.5,\N,88,5185,晚上19:00至凌晨3:30 所在区域： 所在榜单： 北京商务KTV排行榜,https://www.cityhui.com/shop/103505.html,城市惠,2026-03-24T17:42:23
"北京金钻KTV】消费价格,怎么样,预订电话,地址-北京商务KTV-城市惠",海淀区,北京市海淀区花园东路,\N,4.5,\N,88,10145,晚上19:00至凌晨3:30 所在区域： 所在榜单： 北京商务KTV排行榜,https://www.cityhui.com/shop/103506.html,城市惠,2026-03-24T17:42:23
"北京东方汇KTV】消费价格,怎么样,预订电话,地址-北京商务KTV-城市惠",海淀区,北京市海淀区紫竹院路,\N,4.5,\N,88,6088,晚上19:00至凌晨3:30 所在区域： 所在榜单： 北京商务KTV排行榜,https://www.cityhui.com/shop/103507.html,城市惠,2026-03-24T17:42:24
"北京友谊KTV】消费价格,怎么样,预订电话,地址-北京商务KTV-城市惠",海淀区,北京市海淀区中关村南大街,\N,4.5,\N,88,8643,晚上19:00至凌晨3:30 所在区域： 所在榜单： 北京商务KTV排行榜,https://www.cityhui.com/shop/103508.html,城市惠,2026-03-24T17:42:24
"北京皇家富丽宫KTV】消费价格,怎么样,预订电话,地址-北京商务KTV-城市惠",海淀区,北京市海淀区新世纪日航饭店,\N,4.5,\N,88,6464,晚上19:00至凌晨3:30 所在区域： 所在榜单： 北京商务KTV排行榜,https://www.cityhui.com/shop/103509.html,城市惠,2026-03-24T17:42:25
"北京金科文KTV】消费价格,怎么样,预订电话,地址-北京商务KTV-城市惠",海淀区,北京市海淀区文慧园斜街,\N,4.5,\N,88,5599,晚上19:00至凌晨3:30 所在区域： 所在榜单： 北京商务KTV排行榜,https://www.cityhui.com/shop/103510.html,城市惠,2026-03-24T17:42:26
"北京华丽汇KTV】消费价格,怎么样,预订电话,地址-北京商务KTV-城市惠",海淀区,北京市海淀区北四环,\N,4.5,\N,88,8723,晚上19:00至凌晨3:30 所在区域： 所在榜单： 北京商务KTV排行榜,https://www.cityhui.com/shop/103511.html,城市惠,2026-03-24T17:42:26
"北京辽宁大厦KTV】消费价格,怎么样,预订电话,地址-北京商务KTV-城市惠",海淀区,北京市海淀区北四环西路,\N,4.5,\N,88,8969,晚上19:00至凌晨3:30 所在区域： 所在榜单： 北京商务KTV排行榜,https://www.cityhui.com/shop/103512.html,城市惠,2026-03-24T17:42:27
"北京威尼斯KTV】消费价格,怎么样,预订电话,地址-北京商务KTV-城市惠",丰台区,北京市丰台区西三环南辅路,\N,4.5,\N,88,6110,晚上19:00至凌晨3:30 所在区域： 所在榜单： 北京商务KTV排行榜,https://www.cityhui.com/shop/103513.html,城市惠,2026-03-24T17:42:27
"北京钻石七号KTV】消费价格,怎么样,预订电话,地址-北京商务KTV-城市惠",丰台区,北京市丰台区万丰路,\N,4.5,\N,88,7723,晚上19:00至凌晨3:30 所在区域： 所在榜单： 北京商务KTV排行榜,https://www.cityhui.com/shop/103514.html,城市惠,2026-03-24T17:42:28
"北京玉明珠KTV】消费价格,怎么样,预订电话,地址-北京商务KTV-城市惠",丰台区,北京市丰台区西四环中路,\N,4.5,\N,88,6851,晚上19:00至凌晨3:30 所在区域： 所在榜单： 北京商务KTV排行榜,https://www.cityhui.com/shop/103515.html,城市惠,2026-03-24T17:42:28
"北京圣瑞华KTV】消费价格,怎么样,预订电话,地址-北京商务KTV-城市惠",丰台区,北京市丰台区马家堡路,\N,4.5,\N,88,8158,晚上19:00至凌晨3:30 所在区域： 所在榜单： 北京商务KTV排行榜,https://www.cityhui.com/shop/103516.html,城市惠,2026-03-24T17:42:29
"北京国宾KTV】消费价格,怎么样,预订电话,地址-北京商务KTV-城市惠",西城区,北京市西城区阜成门外大街,\N,4.5,\N,88,7775,晚上19:00至凌晨3:30 所在区域： 所在榜单： 北京商务KTV排行榜,https://www.cityhui.com/shop/103517.html,城市惠,2026-03-24T17:42:29
"北京金碧国际KTV】消费价格,怎么样,预订电话,地址-北京商务KTV-城市惠",西城区,北京市西城区马连道,\N,4.5,\N,88,7958,晚上19:00至凌晨3:30 所在区域： 所在榜单： 北京商务KTV排行榜,https://www.cityhui.com/shop/103519.html,城市惠,2026-03-24T17:42:30
"北京富华KTV】消费价格,怎么样,预订电话,地址-北京商务KTV-城市惠",东城区,北京市东城区朝阳门北大街,\N,4.5,\N,88,6386,晚上19:00至凌晨3:30 所在区域： 所在榜单： 北京商务KTV排行榜,https://www.cityhui.com/shop/103521.html,城市惠,2026-03-24T17:42:32
"北京鑫耀国际KTV】消费价格,怎么样,预订电话,地址-北京商务KTV-城市惠",朝阳区,北京市朝阳区小营北路,\N,4.5,\N,88,9615,晚上19:00至凌晨3:30 所在区域： 所在榜单： 北京商务KTV排行榜,https://www.cityhui.com/shop/103523.html,城市惠,2026-03-24T17:42:33
"北京百富怡KTV】消费价格,怎么样,预订电话,地址-北京商务KTV-城市惠",东城区,北京市东城区东直门外大街,\N,4.5,\N,88,9167,晚上19:00至凌晨3:30 所在区域： 所在榜单： 北京商务KTV排行榜,https://www.cityhui.com/shop/103527.html,城市惠,2026-03-24T17:42:35
