name,score,category,country_region,director,actors,intro,source_url,source_site,crawl_time
肖申克的救赎,9.7,犯罪 剧情,美国,弗兰克·德拉邦特 Frank Darabont,蒂姆·罗宾斯 Tim Robbins /...,\N,https://movie.douban.com/subject/1292052/,豆瓣电影,2026-03-24T17:21:51
霸王别姬,9.6,剧情 爱情 同性,中国大陆 中国香港,陈凯歌 Kaige Chen,张国荣 Leslie Cheung / 张丰毅 Fengyi Zha...,\N,https://movie.douban.com/subject/1291546/,豆瓣电影,2026-03-24T17:21:51
泰坦尼克号,9.5,剧情 爱情 灾难,美国,詹姆斯·卡梅隆 James Cameron,莱昂纳多·迪卡普里奥 Leonardo...,\N,https://movie.douban.com/subject/1292722/,豆瓣电影,2026-03-24T17:21:51
阿甘正传,9.5,剧情 爱情,美国,罗伯特·泽米吉斯 Robert Zemeckis,汤姆·汉克斯 Tom Hanks / ...,\N,https://movie.douban.com/subject/1292720/,豆瓣电影,2026-03-24T17:21:51
千与千寻,9.4,剧情 动画 奇幻,日本,宫崎骏 Hayao Miyazaki,柊瑠美 Rumi Hîragi / 入野自由 Miy...,\N,https://movie.douban.com/subject/1291561/,豆瓣电影,2026-03-24T17:21:51
美丽人生,9.5,剧情 喜剧 爱情 战争,意大利,罗伯托·贝尼尼 Roberto Benigni,罗伯托·贝尼尼 Roberto Beni...,\N,https://movie.douban.com/subject/1292063/,豆瓣电影,2026-03-24T17:21:51
星际穿越,9.4,剧情 科幻 冒险,美国 英国 加拿大,克里斯托弗·诺兰 Christopher Nolan,马修·麦康纳 Matthew Mc...,\N,https://movie.douban.com/subject/1889243/,豆瓣电影,2026-03-24T17:21:51
这个杀手不太冷,9.4,剧情 动作 犯罪,法国 美国,吕克·贝松 Luc Besson,让·雷诺 Jean Reno / 娜塔莉·波特曼 ...,\N,https://movie.douban.com/subject/1295644/,豆瓣电影,2026-03-24T17:21:51
盗梦空间,9.4,剧情 科幻 悬疑 冒险,美国 英国,克里斯托弗·诺兰 Christopher Nolan,莱昂纳多·迪卡普里奥 Le...,\N,https://movie.douban.com/subject/3541415/,豆瓣电影,2026-03-24T17:21:51
楚门的世界,9.4,剧情 科幻,美国,彼得·威尔 Peter Weir,金·凯瑞 Jim Carrey / 劳拉·琳妮 Lau...,\N,https://movie.douban.com/subject/1292064/,豆瓣电影,2026-03-24T17:21:51
辛德勒的名单,9.5,剧情 历史 战争,美国,史蒂文·斯皮尔伯格 Steven Spielberg,连姆·尼森 Liam Neeson...,\N,https://movie.douban.com/subject/1295124/,豆瓣电影,2026-03-24T17:21:51
忠犬八公的故事,9.4,剧情,美国 英国,莱塞·霍尔斯道姆 Lasse Hallström,理查·基尔 Richard Ger...,\N,https://movie.douban.com/subject/3011091/,豆瓣电影,2026-03-24T17:21:51
海上钢琴师,9.3,剧情 音乐,意大利,朱塞佩·托纳多雷 Giuseppe Tornatore,蒂姆·罗斯 Tim Roth / ...,\N,https://movie.douban.com/subject/1292001/,豆瓣电影,2026-03-24T17:21:51
疯狂动物城,9.3,喜剧 动画 冒险,美国,拜伦·霍华德 Byron Howard / 瑞奇·摩尔 Rich Moore,金妮弗·...,\N,https://movie.douban.com/subject/25662329/,豆瓣电影,2026-03-24T17:21:51
三傻大闹宝莱坞,9.2,剧情 喜剧 爱情 歌舞,印度,拉库马·希拉尼 Rajkumar Hirani,阿米尔·汗 Aamir Khan / 卡...,\N,https://movie.douban.com/subject/3793023/,豆瓣电影,2026-03-24T17:21:51
机器人总动员,9.3,科幻 动画 冒险,美国,安德鲁·斯坦顿 Andrew Stanton,本·贝尔特 Ben Burtt / 艾丽...,\N,https://movie.douban.com/subject/2131459/,豆瓣电影,2026-03-24T17:21:51
放牛班的春天,9.3,剧情 音乐,法国 瑞士 德国,克里斯托夫·巴拉蒂 Christophe Barratier,让-巴蒂斯特·莫尼...,\N,https://movie.douban.com/subject/1291549/,豆瓣电影,2026-03-24T17:21:51
无间道,9.3,剧情 犯罪 惊悚,中国香港,刘伟强 / 麦兆辉,刘德华 Andy Lau / 梁朝伟 Tony Leung Chiu W...,\N,https://movie.douban.com/subject/1307914/,豆瓣电影,2026-03-24T17:21:51
控方证人,9.6,剧情 犯罪 悬疑 惊悚,美国,比利·怀尔德 Billy Wilder,泰隆·鲍华 Tyrone Power / 玛琳·...,\N,https://movie.douban.com/subject/1296141/,豆瓣电影,2026-03-24T17:21:51
寻梦环游记,9.1,喜剧 动画 奇幻 音乐,美国,李·昂克里奇 Lee Unkrich / 阿德里安·莫利纳 Adrian Molina,...,\N,https://movie.douban.com/subject/20495023/,豆瓣电影,2026-03-24T17:21:51
大话西游之大圣娶亲,9.2,喜剧 爱情 奇幻 古装,中国香港 中国大陆,刘镇伟 Jeffrey Lau,周星驰 Stephen Chow / 吴孟达 Man Tat Ng...,\N,https://movie.douban.com/subject/1292213/,豆瓣电影,2026-03-24T17:21:51
熔炉,9.3,剧情,韩国,黄东赫 Dong-hyuk Hwang,孔侑 Yoo Gong / 郑有美 Yu-mi Jung /...,\N,https://movie.douban.com/subject/5912992/,豆瓣电影,2026-03-24T17:21:51
触不可及,9.3,剧情 喜剧,法国,奥利维·那卡什 Olivier Nakache / 艾力克·托兰达 Eric Toledano 主...,\N,\N,https://movie.douban.com/subject/6786002/,豆瓣电影,2026-03-24T17:21:51
教父,9.3,剧情 犯罪,美国,弗朗西斯·福特·科波拉 Francis Ford Coppola,马龙·白兰度 M...,\N,https://movie.douban.com/subject/1291841/,豆瓣电影,2026-03-24T17:21:51
末代皇帝,9.3,剧情 传记 历史,英国 意大利 中国大陆 法国,贝纳尔多·贝托鲁奇 Bernardo Bertolucci,尊龙 John Lone / 陈...,\N,https://movie.douban.com/subject/1293172/,豆瓣电影,2026-03-24T17:21:51
哈利·波特与魔法石,9.2,奇幻 冒险,美国 英国,Chris Columbus,Daniel Radcliffe / Emma Watson / Rupert Grint,\N,https://movie.douban.com/subject/1295038/,豆瓣电影,2026-03-24T17:21:51
当幸福来敲门,9.1,剧情 传记 家庭,美国,加布里尔·穆奇诺 Gabriele Muccino,威尔·史密斯 Will Smith ...,\N,https://movie.douban.com/subject/1849031/,豆瓣电影,2026-03-24T17:21:51
龙猫,9.2,动画 奇幻 冒险,日本,宫崎骏 Hayao Miyazaki,日高法子 Noriko Hidaka / 坂本千夏 Ch...,\N,https://movie.douban.com/subject/1291560/,豆瓣电影,2026-03-24T17:21:51
活着,9.3,剧情 历史 家庭,中国大陆 中国香港,张艺谋 Yimou Zhang,葛优 You Ge / 巩俐 Li Gong / 姜武 Wu Jiang,\N,https://movie.douban.com/subject/1292365/,豆瓣电影,2026-03-24T17:21:51
怦然心动,9.1,剧情 喜剧 爱情,美国,罗伯·莱纳 Rob Reiner,玛德琳·卡罗尔 Madeline Carroll / 卡...,\N,https://movie.douban.com/subject/3319755/,豆瓣电影,2026-03-24T17:21:51
蝙蝠侠：黑暗骑士,9.2,剧情 动作 科幻 犯罪 惊悚,美国 英国,克里斯托弗·诺兰 Christopher Nolan,克里斯蒂安·贝尔 Christ...,\N,https://movie.douban.com/subject/1851857/,豆瓣电影,2026-03-24T17:21:51
指环王3：王者无敌,9.3,剧情 动作 奇幻 冒险,美国 新西兰,彼得·杰克逊 Peter Jackson,伊利亚·伍德 Elijah Wood / 西恩...,\N,https://movie.douban.com/subject/1291552/,豆瓣电影,2026-03-24T17:21:51
我不是药神,9.0,剧情 喜剧,中国大陆,文牧野 Muye Wen,徐峥 Zheng Xu / 王传君 Chuanjun Wang / 周...,\N,https://movie.douban.com/subject/26752088/,豆瓣电影,2026-03-24T17:21:51
乱世佳人,9.3,剧情 历史 爱情 战争,美国,维克多·弗莱明 Victor Fleming / 乔治·库克 George Cukor,费...,\N,https://movie.douban.com/subject/1300267/,豆瓣电影,2026-03-24T17:21:51
飞屋环游记,9.1,剧情 喜剧 动画 冒险,美国,彼特·道格特 Pete Docter / 鲍勃·彼德森 Bob Peterson,爱德...,\N,https://movie.douban.com/subject/2129039/,豆瓣电影,2026-03-24T17:21:51
让子弹飞,9.0,剧情 喜剧 动作 西部,中国大陆 中国香港,姜文 Wen Jiang,姜文 Wen Jiang / 葛优 You Ge / 周润发 Yun-F...,\N,https://movie.douban.com/subject/3742360/,豆瓣电影,2026-03-24T17:21:51
哈尔的移动城堡,9.1,爱情 动画 奇幻 冒险,日本,宫崎骏 Hayao Miyazaki,倍赏千惠子 Chieko Baishô / 木村拓...,\N,https://movie.douban.com/subject/1308807/,豆瓣电影,2026-03-24T17:21:51
十二怒汉,9.4,剧情,美国,西德尼·吕美特 Sidney Lumet,亨利·方达 Henry Fonda / 马丁...,\N,https://movie.douban.com/subject/1293182/,豆瓣电影,2026-03-24T17:21:51
海蒂和爷爷,9.3,剧情 冒险 家庭,德国 瑞士,阿兰·葛斯彭纳 Alain Gsponer,阿努克·斯特芬 Anuk Steffen /...,\N,https://movie.douban.com/subject/25958717/,豆瓣电影,2026-03-24T17:21:51
素媛,9.3,剧情,韩国,李濬益 Jun-ik Lee,薛景求 Kyung-gu Sol / 严志媛 Ji-won Uhm ...,\N,https://movie.douban.com/subject/21937452/,豆瓣电影,2026-03-24T17:21:51
猫鼠游戏,9.1,传记 犯罪 剧情,美国 加拿大,史蒂文·斯皮尔伯格 Steven Spielberg,莱昂纳多·迪卡普里奥 L...,\N,https://movie.douban.com/subject/1305487/,豆瓣电影,2026-03-24T17:21:51
天空之城,9.2,动画 奇幻 冒险,日本,宫崎骏 Hayao Miyazaki,田中真弓 Mayumi Tanaka / 横泽启子 Ke...,\N,https://movie.douban.com/subject/1291583/,豆瓣电影,2026-03-24T17:21:51
鬼子来了,9.3,剧情 喜剧,中国大陆,姜文 Wen Jiang,姜文 Wen Jiang / 香川照之 Teruyuki Kagawa /...,\N,https://movie.douban.com/subject/1291858/,豆瓣电影,2026-03-24T17:21:51
摔跤吧！爸爸,9.0,剧情 传记 运动 家庭,印度,涅提·蒂瓦里 Nitesh Tiwari,阿米尔·汗 Aamir Khan / 法缇玛...,\N,https://movie.douban.com/subject/26387939/,豆瓣电影,2026-03-24T17:21:51
少年派的奇幻漂流,9.1,剧情 奇幻 冒险,美国 中国台湾 英国 加拿大,李安 Ang Lee,苏拉·沙玛 Suraj Sharma / 伊尔凡·可汗 Irrfan...,\N,https://movie.douban.com/subject/1929463/,豆瓣电影,2026-03-24T17:21:51
钢琴家,9.3,剧情 传记 战争 音乐,英国 法国 波兰 德国 美国,罗曼·波兰斯基 Roman Polanski,艾德里安·布洛迪 Adrien Brod...,\N,https://movie.douban.com/subject/1296736/,豆瓣电影,2026-03-24T17:21:51
指环王2：双塔奇兵,9.2,剧情 动作 奇幻 冒险,美国 新西兰,彼得·杰克逊 Peter Jackson,伊利亚·伍德 Elijah Wood / 西恩...,\N,https://movie.douban.com/subject/1291572/,豆瓣电影,2026-03-24T17:21:51
死亡诗社,9.2,剧情,美国,彼得·威尔 Peter Weir,罗宾·威廉姆斯 Robin Williams / 罗伯...,\N,https://movie.douban.com/subject/1291548/,豆瓣电影,2026-03-24T17:21:51
大话西游之月光宝盒,9.0,喜剧 爱情 奇幻 古装,中国香港 中国大陆,刘镇伟 Jeffrey Lau,周星驰 Stephen Chow / 吴孟达 Man Tat Ng...,\N,https://movie.douban.com/subject/1299398/,豆瓣电影,2026-03-24T17:21:51
绿皮书,8.9,剧情 喜剧 传记 音乐,美国 中国大陆,彼得·法雷里 Peter Farrelly,维果·莫腾森 Viggo Mortensen /...,\N,https://movie.douban.com/subject/27060077/,豆瓣电影,2026-03-24T17:21:51
何以为家,9.1,剧情,黎巴嫩 美国 法国 塞浦路斯 卡塔尔 英国,娜丁·拉巴基 Nadine Labaki,扎因·拉费阿 Zain al-Rafeea / ...,\N,https://movie.douban.com/subject/30170448/,豆瓣电影,2026-03-24T17:21:52
闻香识女人,9.1,剧情,美国,马丁·布莱斯 Martin Brest,阿尔·帕西诺 Al Pacino / 克里斯...,\N,https://movie.douban.com/subject/1298624/,豆瓣电影,2026-03-24T17:21:52
大闹天宫,9.4,剧情 动画 奇幻 古装,1964(中国大陆) / 1978(中国大陆) / 中国大陆,万籁鸣 Laiming Wan,邱岳峰 Yuefeng Qiu / 富润生 Runsheng Fu...,\N,https://movie.douban.com/subject/1418019/,豆瓣电影,2026-03-24T17:21:52
黑客帝国,9.1,动作 科幻,美国,安迪·沃卓斯基 Andy Wachowski / 拉娜·沃卓斯基 Lana Wachowski 主...,\N,\N,https://movie.douban.com/subject/1291843/,豆瓣电影,2026-03-24T17:21:52
指环王1：护戒使者,9.1,剧情 动作 奇幻 冒险,新西兰 美国 英国,彼得·杰克逊 Peter Jackson,伊利亚·伍德 Elijah Wood / 西恩...,\N,https://movie.douban.com/subject/1291571/,豆瓣电影,2026-03-24T17:21:52
罗马假日,9.1,喜剧 剧情 爱情,美国,威廉·惠勒 William Wyler,奥黛丽·赫本 Audrey Hepburn / 格...,\N,https://movie.douban.com/subject/1293839/,豆瓣电影,2026-03-24T17:21:52
教父2,9.3,剧情 犯罪,美国,弗朗西斯·福特·科波拉 Francis Ford Coppola,阿尔·帕西诺 A...,\N,https://movie.douban.com/subject/1299131/,豆瓣电影,2026-03-24T17:21:52
狮子王,9.1,动画 冒险 歌舞,美国,Roger Allers / 罗伯·明可夫 Rob Minkoff,乔纳森·泰勒·托马...,\N,https://movie.douban.com/subject/1301753/,豆瓣电影,2026-03-24T17:21:52
天堂电影院,9.2,剧情 爱情,意大利 法国,朱塞佩·托纳多雷 Giuseppe Tornatore,菲利普·努瓦雷 Philipp...,\N,https://movie.douban.com/subject/1291828/,豆瓣电影,2026-03-24T17:21:52
饮食男女,9.2,剧情 家庭,中国台湾 美国,李安 Ang Lee,郎雄 Sihung Lung / 杨贵媚 Kuei-Mei Yang / 吴...,\N,https://movie.douban.com/subject/1291818/,豆瓣电影,2026-03-24T17:21:52
辩护人,9.2,剧情,韩国,杨宇硕 Woo-seok Yang,宋康昊 Kang-ho Song / 金英爱 Yeong-ae...,\N,https://movie.douban.com/subject/21937445/,豆瓣电影,2026-03-24T17:21:52
本杰明·巴顿奇事,9.0,剧情 爱情 奇幻,美国,大卫·芬奇 David Fincher,布拉德·皮特 Brad Pitt / 凯特·布...,\N,https://movie.douban.com/subject/1485260/,豆瓣电影,2026-03-24T17:21:52
搏击俱乐部,9.0,剧情 动作 悬疑 惊悚,美国,大卫·芬奇 David Fincher,爱德华·诺顿 Edward Norton / 布拉...,\N,https://movie.douban.com/subject/1292000/,豆瓣电影,2026-03-24T17:21:52
美丽心灵,9.1,传记 剧情,美国,朗·霍华德 Ron Howard,罗素·克劳 Russell Crowe / 艾德·哈...,\N,https://movie.douban.com/subject/1306029/,豆瓣电影,2026-03-24T17:21:52
穿条纹睡衣的男孩,9.2,剧情 战争,英国 美国,马克·赫尔曼 Mark Herman,阿萨·巴特菲尔德 Asa Butterfield ...,\N,https://movie.douban.com/subject/3008247/,豆瓣电影,2026-03-24T17:21:52
情书,8.9,剧情 爱情,日本,岩井俊二 Shunji Iwai,中山美穗 Miho Nakayama / 丰川悦司 Ets...,\N,https://movie.douban.com/subject/1292220/,豆瓣电影,2026-03-24T17:21:52
哈利·波特与死亡圣器(下),9.0,奇幻 冒险,美国 英国,大卫·叶茨 David Yates,丹尼尔·雷德克里夫 Daniel Radcliffe...,\N,https://movie.douban.com/subject/3011235/,豆瓣电影,2026-03-24T17:21:52
两杆大烟枪,9.1,剧情 喜剧 犯罪,英国,盖·里奇 Guy Ritchie,杰森·弗莱明 Jason Flemyng / 德克斯特...,\N,https://movie.douban.com/subject/1293350/,豆瓣电影,2026-03-24T17:21:52
窃听风暴,9.2,剧情 悬疑,德国,弗洛里安·亨克尔·冯·多纳斯马尔克 Florian Henckel von Donnersmarck &n...,\N,\N,https://movie.douban.com/subject/1900841/,豆瓣电影,2026-03-24T17:21:52
音乐之声,9.1,剧情 传记 爱情 歌舞,美国,罗伯特·怀斯 Robert Wise,朱莉·安德鲁斯 Julie Andrews / 克...,\N,https://movie.douban.com/subject/1294408/,豆瓣电影,2026-03-24T17:21:52
功夫,8.9,动作 喜剧 犯罪 奇幻,中国大陆 中国香港,周星驰 Stephen Chow,周星驰 Stephen Chow / 元秋 Qiu Yuen / ...,\N,https://movie.douban.com/subject/1291543/,豆瓣电影,2026-03-24T17:21:52
哈利·波特与阿兹卡班的囚徒,9.0,奇幻 冒险,英国 美国,阿方索·卡隆 Alfonso Cuarón,丹尼尔·雷德克里夫 Daniel Rad...,\N,https://movie.douban.com/subject/1291544/,豆瓣电影,2026-03-24T17:21:52
西西里的美丽传说,8.9,剧情 战争 情色,意大利 美国,朱塞佩·托纳多雷 Giuseppe Tornatore,莫妮卡·贝鲁奇 Monica ...,\N,https://movie.douban.com/subject/1292402/,豆瓣电影,2026-03-24T17:21:52
阿凡达,8.8,动作 科幻 冒险,美国,詹姆斯·卡梅隆 James Cameron,萨姆·沃辛顿 Sam Worthington ...,\N,https://movie.douban.com/subject/1652587/,豆瓣电影,2026-03-24T17:21:52
看不见的客人,8.8,剧情 犯罪 悬疑 惊悚,西班牙,奥里奥尔·保罗 Oriol Paulo,马里奥·卡萨斯 Mario Casas / 阿...,\N,https://movie.douban.com/subject/26580232/,豆瓣电影,2026-03-24T17:21:52
拯救大兵瑞恩,9.1,剧情 战争,美国,史蒂文·斯皮尔伯格 Steven Spielberg,汤姆·汉克斯 Tom Hanks...,\N,https://movie.douban.com/subject/1292849/,豆瓣电影,2026-03-24T17:21:52
沉默的羔羊,8.9,剧情 犯罪 惊悚,美国,乔纳森·戴米 Jonathan Demme,朱迪·福斯特 Jodie Foster / 安...,\N,https://movie.douban.com/subject/1293544/,豆瓣电影,2026-03-24T17:21:52
小鞋子,9.2,剧情 儿童 家庭,伊朗,马基德·马基迪 Majid Majidi,默罕默德·阿米尔·纳吉 Mohamma...,\N,https://movie.douban.com/subject/1303021/,豆瓣电影,2026-03-24T17:21:52
布达佩斯大饭店,8.9,剧情 喜剧 冒险,美国 德国 英国,韦斯·安德森 Wes Anderson,拉尔夫·费因斯 Ralph Fiennes / ...,\N,https://movie.douban.com/subject/11525673/,豆瓣电影,2026-03-24T17:21:52
蝴蝶效应,8.9,剧情 悬疑 科幻 惊悚,美国 加拿大,埃里克·布雷斯 Eric Bress / J·麦基·格鲁伯 J. Mackye Gruber 主...,\N,\N,https://movie.douban.com/subject/1292343/,豆瓣电影,2026-03-24T17:21:52
飞越疯人院,9.1,剧情,美国,米洛斯·福尔曼 Miloš Forman,杰克·尼科尔森 Jack Nichols...,\N,https://movie.douban.com/subject/1292224/,豆瓣电影,2026-03-24T17:21:52
禁闭岛,8.9,剧情 悬疑 惊悚,美国,Martin Scorsese,莱昂纳多·迪卡普里奥 Leonardo DiCaprio / ...,\N,https://movie.douban.com/subject/2334904/,豆瓣电影,2026-03-24T17:21:52
还有明天,9.3,剧情 喜剧 历史,意大利,宝拉·柯特莱西 Paola Cortellesi,宝拉·柯特莱西 Paola Corte...,\N,https://movie.douban.com/subject/36445098/,豆瓣电影,2026-03-24T17:21:52
心灵捕手,9.0,剧情,美国,格斯·范·桑特 Gus Van Sant,马特·达蒙 Matt Damon / 罗宾·...,\N,https://movie.douban.com/subject/1292656/,豆瓣电影,2026-03-24T17:21:52
致命魔术,8.9,剧情 悬疑 惊悚,英国 美国,克里斯托弗·诺兰 Christopher Nolan,休·杰克曼 Hugh Jackman...,\N,https://movie.douban.com/subject/1780330/,豆瓣电影,2026-03-24T17:21:52
低俗小说,8.9,剧情 喜剧 犯罪,美国,昆汀·塔伦蒂诺 Quentin Tarantino,约翰·特拉沃尔塔 John Tra...,\N,https://movie.douban.com/subject/1291832/,豆瓣电影,2026-03-24T17:21:52
超脱,9.0,剧情,美国,托尼·凯耶 Tony Kaye,艾德里安·布洛迪 Adrien Brody / 马西...,\N,https://movie.douban.com/subject/5322596/,豆瓣电影,2026-03-24T17:21:52
哈利·波特与密室,8.9,奇幻 冒险,英国 美国,Chris Columbus,丹尼尔·雷德克里夫 Daniel Radcliffe / 艾玛...,\N,https://movie.douban.com/subject/1296996/,豆瓣电影,2026-03-24T17:21:52
一一,9.1,剧情 爱情 家庭,中国台湾 日本,杨德昌 Edward Yang,吴念真 / 李凯莉 Kelly Lee / 金燕玲 Elai...,\N,https://movie.douban.com/subject/1292434/,豆瓣电影,2026-03-24T17:21:52
喜剧之王,8.8,喜剧 剧情 爱情,中国香港,周星驰 Stephen Chow / 李力持 Lik-Chi Lee,周星驰 Stephen Ch...,\N,https://movie.douban.com/subject/1302425/,豆瓣电影,2026-03-24T17:21:52
摩登时代,9.3,剧情 喜剧 爱情,美国,查理·卓别林 Charles Chaplin,查理·卓别林 Charles Chaplin ...,\N,https://movie.douban.com/subject/1294371/,豆瓣电影,2026-03-24T17:21:52
杀人回忆,8.9,剧情 动作 犯罪 悬疑 惊悚,韩国,奉俊昊 Joon-ho Bong,宋康昊 Kang-ho Song / 金相庆 Sang-kyun...,\N,https://movie.douban.com/subject/1300299/,豆瓣电影,2026-03-24T17:21:52
致命ID,8.9,剧情 悬疑 惊悚,美国,詹姆斯·曼高德 James Mangold,约翰·库萨克 John Cusack / 雷...,\N,https://movie.douban.com/subject/1297192/,豆瓣电影,2026-03-24T17:21:52
春光乍泄,9.0,剧情 爱情 同性,中国香港 日本 韩国,王家卫 Kar Wai Wong,张国荣 Leslie Cheung / 梁朝伟 Tony Leu...,\N,https://movie.douban.com/subject/1292679/,豆瓣电影,2026-03-24T17:21:52
加勒比海盗,8.8,动作 冒险 奇幻,美国,戈尔·维宾斯基 Gore Verbinski,约翰尼·德普 Johnny Depp / ...,\N,https://movie.douban.com/subject/1298070/,豆瓣电影,2026-03-24T17:21:52
海豚湾,9.3,纪录片,美国,路易·西霍尤斯 Louie Psihoyos,路易·西霍尤斯 Louie Psihoyo...,\N,https://movie.douban.com/subject/3442220/,豆瓣电影,2026-03-24T17:21:52
美国往事,9.1,犯罪 剧情,美国 意大利,赛尔乔·莱翁内 Sergio Leone,罗伯特·德尼罗 Robert De Niro ...,\N,https://movie.douban.com/subject/1292262/,豆瓣电影,2026-03-24T17:21:52
红辣椒,9.0,动画 悬疑 科幻 惊悚,日本,今敏 Satoshi Kon,林原惠美 Megumi Hayashibara / 江守彻 Toru...,\N,https://movie.douban.com/subject/1865703/,豆瓣电影,2026-03-24T17:21:52
七宗罪,8.8,剧情 犯罪 悬疑 惊悚,美国,大卫·芬奇 David Fincher,摩根·弗里曼 Morgan Freeman / 布...,\N,https://movie.douban.com/subject/1292223/,豆瓣电影,2026-03-24T17:21:52
唐伯虎点秋香,8.8,喜剧 爱情 古装,中国香港,李力持 Lik-Chi Lee,周星驰 Stephen Chow / 巩俐 Li Gong / 陈...,\N,https://movie.douban.com/subject/1306249/,豆瓣电影,2026-03-24T17:21:52
狩猎,9.1,剧情,丹麦 瑞典,托马斯·温特伯格 Thomas Vinterberg,麦斯·米科尔森 Mads Mik...,\N,https://movie.douban.com/subject/6985810/,豆瓣电影,2026-03-24T17:21:53
幽灵公主,8.9,动画 奇幻 冒险,日本,宫崎骏 Hayao Miyazaki,松田洋治 Yôji Matsuda / 石田百合...,\N,https://movie.douban.com/subject/1297359/,豆瓣电影,2026-03-24T17:21:53
甜蜜蜜,8.9,剧情 爱情,中国香港,陈可辛 Peter Chan,黎明 Leon Lai / 张曼玉 Maggie Cheung / ...,\N,https://movie.douban.com/subject/1305164/,豆瓣电影,2026-03-24T17:21:53
寄生虫,8.8,剧情,韩国,奉俊昊 Joon-ho Bong,宋康昊 Kang-ho Song / 李善均 Seon-gyun...,\N,https://movie.douban.com/subject/27010768/,豆瓣电影,2026-03-24T17:21:53
天书奇谭,9.2,动画 奇幻,2021 / 中国大陆,王树忱 Shuchen Wang / 钱运达 Yunda Qian,丁建华 Jianhua Din...,\N,https://movie.douban.com/subject/1428581/,豆瓣电影,2026-03-24T17:21:53
蝙蝠侠：黑暗骑士崛起,8.9,剧情 动作 科幻 犯罪 惊悚,美国 英国,克里斯托弗·诺兰 Christopher Nolan,克里斯蒂安·贝尔 Christ...,\N,https://movie.douban.com/subject/3395373/,豆瓣电影,2026-03-24T17:21:53
超能陆战队,8.8,喜剧 动作 科幻 动画 冒险,美国,唐·霍尔 Don Hall / 克里斯·威廉姆斯 Chris Williams,斯科特...,\N,https://movie.douban.com/subject/11026735/,豆瓣电影,2026-03-24T17:21:53
7号房的礼物,8.9,剧情 喜剧 家庭,韩国,李焕庆 Hwan-kyeong Lee,柳承龙 Seung-yong Ryoo / 朴信惠 Shi...,\N,https://movie.douban.com/subject/10777687/,豆瓣电影,2026-03-24T17:21:53
第六感,8.9,剧情 悬疑 惊悚,美国,M·奈特·沙马兰 M. Night Shyamalan,布鲁斯·威利斯 Bruce Wi...,\N,https://movie.douban.com/subject/1297630/,豆瓣电影,2026-03-24T17:21:53
茶馆,9.5,剧情 历史,中国大陆,谢添 Tian Xie,于是之 Shizhi Yu / 郑榕 Rong Zhen / 蓝天野 T...,\N,https://movie.douban.com/subject/1461403/,豆瓣电影,2026-03-24T17:21:53
爱在黎明破晓前,8.8,剧情 爱情,美国 奥地利 瑞士,理查德·林克莱特 Richard Linklater,伊桑·霍克 Ethan Hawke ...,\N,https://movie.douban.com/subject/1296339/,豆瓣电影,2026-03-24T17:21:53
爱在日落黄昏时,8.9,剧情 爱情,美国 法国,理查德·林克莱特 Richard Linklater,伊桑·霍克 Ethan Hawke ...,\N,https://movie.douban.com/subject/1291990/,豆瓣电影,2026-03-24T17:21:53
被嫌弃的松子的一生,8.8,剧情 歌舞,日本,中岛哲也 Tetsuya Nakashima,中谷美纪 Miki Nakatani / 瑛太 E...,\N,https://movie.douban.com/subject/1787291/,豆瓣电影,2026-03-24T17:21:53
哈利·波特与火焰杯,8.8,悬疑 奇幻 冒险,英国 美国,迈克·内威尔 Mike Newell,丹尼尔·雷德克里夫 Daniel Radclif...,\N,https://movie.douban.com/subject/1309055/,豆瓣电影,2026-03-24T17:21:53
头脑特工队,8.8,喜剧 动画 冒险,美国,彼特·道格特 Pete Docter / 罗纳尔多·德尔·卡门 Ronaldo Del Carmen &nb...,\N,\N,https://movie.douban.com/subject/10533913/,豆瓣电影,2026-03-24T17:21:53
未麻的部屋,9.1,剧情 犯罪 动画 悬疑 惊悚,日本,今敏 Satoshi Kon,岩男润子 Junko Iwao / 松本梨香 Rica Matsu...,\N,https://movie.douban.com/subject/1395091/,豆瓣电影,2026-03-24T17:21:53
重庆森林,8.8,剧情 爱情,中国香港,王家卫 Kar Wai Wong,林青霞 Brigitte Lin / 金城武 Takeshi K...,\N,https://movie.douban.com/subject/1291999/,豆瓣电影,2026-03-24T17:21:53
借东西的小人阿莉埃蒂,8.9,动画 奇幻 冒险,日本,米林宏昌 Hiromasa Yonebayashi,志田未来 Mirai Shida / 神木...,\N,https://movie.douban.com/subject/4202302/,豆瓣电影,2026-03-24T17:21:53
菊次郎的夏天,8.9,剧情 喜剧,日本,北野武 Takeshi Kitano,北野武 Takeshi Kitano / 关口雄介 Yus...,\N,https://movie.douban.com/subject/1293359/,豆瓣电影,2026-03-24T17:21:53
入殓师,8.9,剧情,日本,泷田洋二郎 Yôjirô Takita,本木雅弘 Masahiro Motoki / ...,\N,https://movie.douban.com/subject/2149806/,豆瓣电影,2026-03-24T17:21:53
断背山,8.8,剧情 爱情 同性 家庭,美国 加拿大,李安 Ang Lee,希斯·莱杰 Heath Ledger / 杰克·吉伦哈尔 Jake...,\N,https://movie.douban.com/subject/1418834/,豆瓣电影,2026-03-24T17:21:53
剪刀手爱德华,8.7,剧情 爱情 奇幻,美国,蒂姆·波顿 Tim Burton,约翰尼·德普 Johnny Depp / 薇诺娜·...,\N,https://movie.douban.com/subject/1292370/,豆瓣电影,2026-03-24T17:21:53
勇敢的心,8.9,动作 传记 剧情 历史 战争,美国,梅尔·吉布森 Mel Gibson,梅尔·吉布森 Mel Gibson / 苏菲·玛...,\N,https://movie.douban.com/subject/1294639/,豆瓣电影,2026-03-24T17:21:53
时空恋旅人,8.8,喜剧 爱情 奇幻,英国 美国,理查德·柯蒂斯 Richard Curtis,多姆纳尔·格里森 Domhnall Gl...,\N,https://movie.douban.com/subject/10577869/,豆瓣电影,2026-03-24T17:21:53
驯龙高手,8.8,动画 奇幻 冒险,美国,迪恩·德布洛斯 Dean DeBlois / 克里斯·桑德斯 Chris Sanders,...,\N,https://movie.douban.com/subject/2353023/,豆瓣电影,2026-03-24T17:21:53
消失的爱人,8.7,剧情 犯罪 悬疑 惊悚,美国,大卫·芬奇 David Fincher,本·阿弗莱克 Ben Affleck / 罗莎蒙...,\N,https://movie.douban.com/subject/21318488/,豆瓣电影,2026-03-24T17:21:54
无人知晓,9.1,剧情,日本,是枝裕和 Hirokazu Koreeda,柳乐优弥 Yûya Yagira / 北浦爱...,\N,https://movie.douban.com/subject/1292337/,豆瓣电影,2026-03-24T17:21:54
倩女幽魂,8.8,爱情 奇幻 武侠 古装,中国香港,程小东 Siu-Tung Ching,张国荣 Leslie Cheung / 王祖贤 Joey W...,\N,https://movie.douban.com/subject/1297447/,豆瓣电影,2026-03-24T17:21:54
傲慢与偏见,8.7,剧情 爱情,法国 英国 美国,乔·怀特 Joe Wright,凯拉·奈特莉 Keira Knightley / 马修·...,\N,https://movie.douban.com/subject/1418200/,豆瓣电影,2026-03-24T17:21:54
新世界,8.9,剧情 犯罪,韩国,朴勋政 Hoon-jung Park,李政宰 Jung-Jae Lee / 崔岷植 Min-sik...,\N,https://movie.douban.com/subject/10437779/,豆瓣电影,2026-03-24T17:21:54
花样年华,8.8,剧情 爱情,中国香港,王家卫 Kar Wai Wong,张曼玉 Maggie Cheung / 梁朝伟 Tony Leu...,\N,https://movie.douban.com/subject/1291557/,豆瓣电影,2026-03-24T17:21:54
玩具总动员3,8.9,喜剧 动画 奇幻 冒险,美国,李·昂克里奇 Lee Unkrich,汤姆·汉克斯 Tom Hanks / 蒂姆·艾...,\N,https://movie.douban.com/subject/1858711/,豆瓣电影,2026-03-24T17:21:54
一个叫欧维的男人决定去死,8.9,剧情,瑞典,汉内斯·赫尔姆 Hannes Holm,罗夫·拉斯加德 Rolf Lassgård...,\N,https://movie.douban.com/subject/26628357/,豆瓣电影,2026-03-24T17:21:54
完美的世界,9.1,剧情 犯罪,美国,克林特·伊斯特伍德 Clint Eastwood,凯文·科斯特纳 Kevin Cos...,\N,https://movie.douban.com/subject/1300992/,豆瓣电影,2026-03-24T17:21:54
色，戒,8.7,剧情 爱情 情色,中国台湾 中国大陆 美国 中国香港,李安 Ang Lee,梁朝伟 Tony Leung Chiu Wai / 汤唯 Wei Tang / ...,\N,https://movie.douban.com/subject/1828115/,豆瓣电影,2026-03-24T17:21:54
阳光灿烂的日子,8.8,剧情 爱情,中国大陆 中国香港,姜文 Wen Jiang,夏雨 Yu Xia / 宁静 Jing Ning / 陶虹 Hong Tao,\N,https://movie.douban.com/subject/1291875/,豆瓣电影,2026-03-24T17:21:54
怪兽电力公司,8.8,儿童 喜剧 动画 奇幻 冒险,美国,彼特·道格特 Pete Docter / 大卫·斯沃曼 David Silverman,约...,\N,https://movie.douban.com/subject/1291579/,豆瓣电影,2026-03-24T17:21:54
小森林 夏秋篇,9.0,剧情,日本,森淳一 Junichi Mori,桥本爱 Ai Hashimoto / 三浦贵大 Takahir...,\N,https://movie.douban.com/subject/25814705/,豆瓣电影,2026-03-24T17:21:54
天使爱美丽,8.7,剧情 喜剧 爱情,法国 德国,让-皮埃尔·热内 Jean-Pierre Jeunet,奥黛丽·塔图 Audrey Tau...,\N,https://movie.douban.com/subject/1292215/,豆瓣电影,2026-03-24T17:21:54
教父3,9.0,剧情 犯罪,美国,弗朗西斯·福特·科波拉 Francis Ford Coppola,阿尔·帕西诺 A...,\N,https://movie.douban.com/subject/1294240/,豆瓣电影,2026-03-24T17:21:54
侧耳倾听,8.9,剧情 爱情 动画,日本,近藤喜文 Yoshifumi Kondo,本名阳子 Youko Honna / 小林桂树 K...,\N,https://movie.douban.com/subject/1297052/,豆瓣电影,2026-03-24T17:21:54
哪吒闹海,9.2,冒险 动画 奇幻,中国大陆,王树忱 Shuchen Wang / 严定宪 Dingxian Yan,梁正晖 Zhenghui ...,\N,https://movie.douban.com/subject/1307315/,豆瓣电影,2026-03-24T17:21:54
九品芝麻官,8.8,剧情 喜剧 古装,中国香港,王晶 Jing Wong,周星驰 Stephen Chow / 吴孟达 Man Tat Ng / ...,\N,https://movie.douban.com/subject/1297518/,豆瓣电影,2026-03-24T17:21:54
被解救的姜戈,8.8,剧情 动作 西部 冒险,美国,昆汀·塔伦蒂诺 Quentin Tarantino,杰米·福克斯 Jamie Foxx /...,\N,https://movie.douban.com/subject/6307447/,豆瓣电影,2026-03-24T17:21:54
请以你的名字呼唤我,8.8,剧情 爱情 同性,意大利 法国 巴西 美国,卢卡·瓜达尼诺 Luca Guadagnino,艾米·汉莫 Armie Hammer / ...,\N,https://movie.douban.com/subject/26799731/,豆瓣电影,2026-03-24T17:21:54
幸福终点站,8.8,喜剧 剧情 爱情,美国,史蒂文·斯皮尔伯格 Steven Spielberg,汤姆·汉克斯 Tom Hanks...,\N,https://movie.douban.com/subject/1292274/,豆瓣电影,2026-03-24T17:21:54
釜山行,8.6,动作 惊悚 灾难,韩国,延尚昊 Sang-ho Yeon,孔刘 Yoo Gong / 郑有美 Yu-mi Jung / 马...,\N,https://movie.douban.com/subject/25986180/,豆瓣电影,2026-03-24T17:21:54
神偷奶爸,8.7,喜剧 动画 冒险,美国 法国,皮艾尔·柯芬 Pierre Coffin / 克里斯·雷纳德 Chris Renaud,...,\N,https://movie.douban.com/subject/3287562/,豆瓣电影,2026-03-24T17:21:54
小森林 冬春篇,9.0,剧情,日本,森淳一 Junichi Mori,桥本爱 Ai Hashimoto / 三浦贵大 Takahir...,\N,https://movie.douban.com/subject/25814707/,豆瓣电影,2026-03-24T17:21:54
喜宴,9.0,剧情 喜剧 爱情 同性 家庭,中国台湾 美国,李安 Ang Lee,赵文瑄 Winston Chao / 归亚蕾 Ya-lei Kuei / 郎...,\N,https://movie.douban.com/subject/1303037/,豆瓣电影,2026-03-24T17:21:54
萤火之森,8.8,剧情 爱情 动画 奇幻,日本,大森贵弘 Takahiro Omori,佐仓绫音 Ayane Sakura / 内山昂辉 K...,\N,https://movie.douban.com/subject/5989818/,豆瓣电影,2026-03-24T17:21:54
告白,8.8,剧情 悬疑,日本,中岛哲也 Tetsuya Nakashima,松隆子 Takako Matsu / 冈田将生 ...,\N,https://movie.douban.com/subject/4268598/,豆瓣电影,2026-03-24T17:21:54
玛丽和麦克斯,9.0,剧情 喜剧 动画,澳大利亚 美国,亚当·艾略特 Adam Elliot,托妮·科莱特 Toni Collette / 菲利...,\N,https://movie.douban.com/subject/3072124/,豆瓣电影,2026-03-24T17:21:54
七武士,9.3,动作 冒险 剧情,日本,黑泽明 Akira Kurosawa,三船敏郎 Toshirô Mifune / 志村乔 ...,\N,https://movie.douban.com/subject/1295399/,豆瓣电影,2026-03-24T17:21:54
头号玩家,8.6,动作 科幻 冒险,美国,史蒂文·斯皮尔伯格 Steven Spielberg,泰伊·谢里丹 Tye Sheri...,\N,https://movie.douban.com/subject/4920389/,豆瓣电影,2026-03-24T17:21:54
模仿游戏,8.8,剧情 传记 战争 同性,英国 美国,莫滕·泰杜姆 Morten Tyldum,本尼迪克特·康伯巴奇 Benedict C...,\N,https://movie.douban.com/subject/10463953/,豆瓣电影,2026-03-24T17:21:54
惊魂记,9.0,悬疑 惊悚 恐怖,美国,阿尔弗雷德·希区柯克 Alfred Hitchcock,安东尼·博金斯 Antho...,\N,https://movie.douban.com/subject/1293181/,豆瓣电影,2026-03-24T17:21:54
大鱼,8.8,剧情 爱情 奇幻 冒险,美国,蒂姆·波顿 Tim Burton,伊万·麦克格雷格 Ewan McGregor / 阿...,\N,https://movie.douban.com/subject/1291545/,豆瓣电影,2026-03-24T17:21:54
心灵奇旅,8.7,动画 奇幻 音乐,美国,彼特·道格特 Pete Docter / 凯普·鲍尔斯 Kemp Powers,杰米·...,\N,https://movie.douban.com/subject/24733428/,豆瓣电影,2026-03-24T17:21:54
射雕英雄传之东成西就,8.7,喜剧 奇幻 武侠 古装,中国香港,刘镇伟 Jeffrey Lau,梁朝伟 Tony Leung Chiu Wai / 林青霞 Bri...,\N,https://movie.douban.com/subject/1316510/,豆瓣电影,2026-03-24T17:21:54
血战钢锯岭,8.7,剧情 传记 历史 战争,澳大利亚 美国,梅尔·吉布森 Mel Gibson,安德鲁·加菲尔德 Andrew Garfield /...,\N,https://movie.douban.com/subject/26325320/,豆瓣电影,2026-03-24T17:21:54
背靠背，脸对脸,9.5,剧情,中国大陆 中国香港,黄建新 Jianxin Huang / 杨亚洲 Yazhou Yang,牛振华 Zhenhua N...,\N,https://movie.douban.com/subject/1307856/,豆瓣电影,2026-03-24T17:21:54
机器人之梦,9.1,剧情 动画 音乐,西班牙 法国,巴勃罗·贝格尔 Pablo Berger,伊万·拉班达 Ivan Labanda,\N,https://movie.douban.com/subject/35426925/,豆瓣电影,2026-03-24T17:21:54
你的名字。,8.5,剧情 爱情 动画,日本,新海诚 Makoto Shinkai,神木隆之介 Ryûnosuke Kamiki / 上...,\N,https://movie.douban.com/subject/26683290/,豆瓣电影,2026-03-24T17:21:54
我是山姆,9.0,剧情 家庭,美国,杰茜·尼尔森 Jessie Nelson,Sean Penn / Dakota Fanning / Mi...,\N,https://movie.douban.com/subject/1306861/,豆瓣电影,2026-03-24T17:21:54
阳光姐妹淘,8.8,剧情 喜剧,韩国,姜炯哲 Hyeong-Cheol Kang,沈恩京 Eun-kyung Shim / 闵孝琳 Hy...,\N,https://movie.douban.com/subject/4917726/,豆瓣电影,2026-03-24T17:21:54
恐怖直播,8.7,剧情 犯罪 悬疑,韩国,金秉祐 Byeong-woo Kim,河正宇 Jung-woo Ha / 李璟荣 Kyeong-y...,\N,https://movie.douban.com/subject/21360417/,豆瓣电影,2026-03-24T17:21:54
黑客帝国3：矩阵革命,8.8,动作 科幻,美国,拉娜·沃卓斯基 Lana Wachowski / 莉莉·沃卓斯基 Lilly Wachowski ...,\N,\N,https://movie.douban.com/subject/1302467/,豆瓣电影,2026-03-24T17:21:54
末路狂花,9.0,犯罪 剧情 惊悚,美国 英国 法国,雷德利·斯科特 Ridley Scott,吉娜·戴维斯 Geena Davis / 苏...,\N,https://movie.douban.com/subject/1291992/,豆瓣电影,2026-03-24T17:21:54
小丑,8.7,剧情 犯罪 惊悚,美国 加拿大,托德·菲利普斯 Todd Phillips,杰昆·菲尼克斯 Joaquin Phoeni...,\N,https://movie.douban.com/subject/27119724/,豆瓣电影,2026-03-24T17:21:54
三块广告牌,8.7,剧情 犯罪,英国 美国,马丁·麦克唐纳 Martin McDonagh,弗兰西斯·麦克多蒙德 France...,\N,https://movie.douban.com/subject/26611804/,豆瓣电影,2026-03-24T17:21:54
谍影重重3,8.9,动作 悬疑 惊悚,美国 德国 法国 英国,保罗·格林格拉斯 Paul Greengrass,马特·达蒙 Matt Damon / ...,\N,https://movie.douban.com/subject/1578507/,豆瓣电影,2026-03-24T17:21:54
电锯惊魂,8.7,悬疑 惊悚 恐怖,美国,詹姆斯·温 James Wan,雷·沃纳尔 Leigh Whannell / 加利·艾...,\N,https://movie.douban.com/subject/1417598/,豆瓣电影,2026-03-24T17:21:54
高山下的花环,9.5,剧情 战争,1985 / 中国大陆,谢晋 Jin Xie,吕晓禾 Xiaohe Lü / 唐国强 Guoqiang Tang / 何...,\N,https://movie.douban.com/subject/1422283/,豆瓣电影,2026-03-24T17:21:54
无间道2,8.8,剧情 犯罪 惊悚,中国香港,刘伟强 Andrew Lau / 麦兆辉 Alan Mak,陈冠希 Edison Chen / ...,\N,https://movie.douban.com/subject/1307106/,豆瓣电影,2026-03-24T17:21:54
达拉斯买家俱乐部,8.8,剧情 传记 同性,美国,让-马克·瓦雷 Jean-Marc Vallée,马修·麦康纳 Matthew McCon...,\N,https://movie.douban.com/subject/1793929/,豆瓣电影,2026-03-24T17:21:55
疯狂原始人,8.7,喜剧 动画 冒险,美国,科克·德·米科 Kirk De Micco / 克里斯·桑德斯 Chris Sanders 主演...,\N,\N,https://movie.douban.com/subject/1907966/,豆瓣电影,2026-03-24T17:21:55
绿里奇迹,8.9,犯罪 剧情 奇幻 悬疑,美国,弗兰克·德拉邦特 Frank Darabont,汤姆·汉克斯 Tom Hanks / ...,\N,https://movie.douban.com/subject/1300374/,豆瓣电影,2026-03-24T17:21:55
爱在午夜降临前,8.9,剧情 爱情,美国 希腊,理查德·林克莱特 Richard Linklater,伊桑·霍克 Ethan Hawke ...,\N,https://movie.douban.com/subject/10808442/,豆瓣电影,2026-03-24T17:21:55
疯狂的石头,8.6,喜剧 犯罪,中国大陆 中国香港,宁浩 Hao Ning,郭涛 Tao Guo / 刘桦 Hua Liu / 连晋 Teddy Lin,\N,https://movie.douban.com/subject/1862151/,豆瓣电影,2026-03-24T17:21:55
雨中曲,9.1,喜剧 歌舞 爱情,美国,斯坦利·多南 Stanley Donen / 吉恩·凯利 Gene Kelly,吉恩·...,\N,https://movie.douban.com/subject/1293460/,豆瓣电影,2026-03-24T17:21:55
2001太空漫游,8.9,科幻 惊悚 冒险,英国 美国,斯坦利·库布里克 Stanley Kubrick,凯尔·杜拉 Keir Dullea / ...,\N,https://movie.douban.com/subject/1292226/,豆瓣电影,2026-03-24T17:21:55
海街日记,8.8,剧情 家庭,日本,是枝裕和 Hirokazu Koreeda,绫濑遥 Haruka Ayase / 长泽雅美 M...,\N,https://movie.douban.com/subject/25895901/,豆瓣电影,2026-03-24T17:21:55
风之谷,8.9,动画 奇幻 冒险,日本,宫崎骏 Hayao Miyazaki,岛本须美 Sumi Shimamoto / 松田洋治 Y...,\N,https://movie.douban.com/subject/1291585/,豆瓣电影,2026-03-24T17:21:55
上帝之城,9.0,犯罪 剧情,巴西 法国,费尔南多·梅里尔斯 Fernando Meirelles / 卡迪亚·兰德 Kátia Lund ...,\N,\N,https://movie.douban.com/subject/1292208/,豆瓣电影,2026-03-24T17:21:55
心迷宫,8.7,剧情 犯罪 悬疑,中国大陆,忻钰坤 Yukun Xin,霍卫民 Weimin Huo / 王笑天 Xiaotian Wang ...,\N,https://movie.douban.com/subject/25917973/,豆瓣电影,2026-03-24T17:21:55
英雄本色,8.6,剧情 动作 犯罪,中国香港,吴宇森 John Woo,周润发 Yun-Fat Chow / 狄龙 Lung Ti / 张国...,\N,https://movie.douban.com/subject/1297574/,豆瓣电影,2026-03-24T17:21:55
记忆碎片,8.7,犯罪 剧情 悬疑 惊悚,美国,克里斯托弗·诺兰 Christopher Nolan,盖·皮尔斯 Guy Pearce /...,\N,https://movie.douban.com/subject/1304447/,豆瓣电影,2026-03-24T17:21:55
纵横四海,8.8,剧情 喜剧 动作 犯罪,中国香港,吴宇森 John Woo,周润发 Yun-Fat Chow / 张国荣 Leslie Cheung...,\N,https://movie.douban.com/subject/1295409/,豆瓣电影,2026-03-24T17:21:55
无敌破坏王,8.7,喜剧 动画 奇幻 冒险,美国,瑞奇·莫尔 Rich Moore,约翰·C·赖利 John C. Reilly / 萨拉...,\N,https://movie.douban.com/subject/6534248/,豆瓣电影,2026-03-24T17:21:55
卢旺达饭店,8.9,剧情 传记 历史 战争,英国 南非 意大利 美国,特瑞·乔治 Terry George,唐·钱德尔 Don Cheadle / 苏菲·奥...,\N,https://movie.douban.com/subject/1291822/,豆瓣电影,2026-03-24T17:21:55
东京教父,9.0,剧情 喜剧 动画,日本,今敏 Satoshi Kon,江守彻 Toru Emori / 梅垣义明 Yoshiaki Ume...,\N,https://movie.douban.com/subject/1310177/,豆瓣电影,2026-03-24T17:21:55
小偷家族,8.7,剧情 犯罪 家庭,日本,是枝裕和 Hirokazu Koreeda,中川雅也 Lily Franky / 安藤樱 Sa...,\N,https://movie.douban.com/subject/27622447/,豆瓣电影,2026-03-24T17:21:55
恐怖游轮,8.5,科幻 悬疑 奇幻 惊悚,英国 澳大利亚,克里斯托弗·史密斯 Christopher Smith,梅利莎·乔治 Melissa ...,\N,https://movie.douban.com/subject/3011051/,豆瓣电影,2026-03-24T17:21:55
牯岭街少年杀人事件,8.9,剧情 犯罪,中国台湾,杨德昌 Edward Yang,张震 Chen Chang / 杨静怡 Lisa Yang / 张...,\N,https://movie.douban.com/subject/1292329/,豆瓣电影,2026-03-24T17:21:55
冰川时代,8.7,喜剧 动画 冒险,美国,卡洛斯·沙尔丹哈 Carlos Saldanha / 克里斯·韦奇 Chris Wedge 主演...,\N,\N,https://movie.douban.com/subject/1291578/,豆瓣电影,2026-03-24T17:21:55
魔女宅急便,8.7,动画 奇幻 冒险,日本,宫崎骏 Hayao Miyazaki,高山南 Minami Takayama / 佐久间玲 Re...,\N,https://movie.douban.com/subject/1307811/,豆瓣电影,2026-03-24T17:21:55
芙蓉镇,9.3,剧情 爱情,中国大陆,谢晋 Jin Xie,刘晓庆 Xiaoqing Liu / 姜文 Wen Jiang / 郑在石...,\N,https://movie.douban.com/subject/1297880/,豆瓣电影,2026-03-24T17:21:55
忠犬八公物语,9.2,剧情,日本,神山征二郎 Seijirô Kôyama,仲代达矢 Tatsuya Nakadai /...,\N,https://movie.douban.com/subject/1959195/,豆瓣电影,2026-03-24T17:21:55
岁月神偷,8.7,剧情 家庭,中国香港 中国大陆,罗启锐 Alex Law,吴君如 Sandra Ng / 任达华 Simon Yam / 钟绍...,\N,https://movie.douban.com/subject/3792799/,豆瓣电影,2026-03-24T17:21:55
遗愿清单,8.7,冒险 喜剧 剧情,美国,罗伯·莱纳 Rob Reiner,杰克·尼科尔森 Jack Nicholson / 摩根...,\N,https://movie.douban.com/subject/1867345/,豆瓣电影,2026-03-24T17:21:56
荒蛮故事,8.7,剧情 喜剧 犯罪,阿根廷 西班牙,达米安·斯兹弗隆 Damián Szifron,达里奥·葛兰帝内提 Darío...,\N,https://movie.douban.com/subject/24750126/,豆瓣电影,2026-03-24T17:21:56
大佛普拉斯,8.7,剧情 喜剧,中国台湾,黄信尧 Hsin-yao Huang,庄益增 Yizeng Zhuang / 陈竹昇 Chu-sh...,\N,https://movie.douban.com/subject/27059130/,豆瓣电影,2026-03-24T17:21:56
源代码,8.6,科幻 悬疑 惊悚,美国 加拿大,邓肯·琼斯 Duncan Jones,杰克·吉伦哈尔 Jake Gyllenhaal / ...,\N,https://movie.douban.com/subject/3075287/,豆瓣电影,2026-03-24T17:21:56
花束般的恋爱,8.6,剧情 爱情,日本,土井裕泰 Nobuhiro Doi,菅田将晖 Masaki Suda / 有村架纯 Kasu...,\N,https://movie.douban.com/subject/34874432/,豆瓣电影,2026-03-24T17:21:56
白日梦想家,8.6,剧情 喜剧 冒险,美国 英国,本·斯蒂勒 Ben Stiller,本·斯蒂勒 Ben Stiller / 克里斯汀·...,\N,https://movie.douban.com/subject/2133323/,豆瓣电影,2026-03-24T17:21:56
疯狂的麦克斯4：狂暴之路,8.7,动作 科幻 冒险,澳大利亚 美国,乔治·米勒 George Miller,汤姆·哈迪 Tom Hardy / 查理兹·塞...,\N,https://movie.douban.com/subject/3592854/,豆瓣电影,2026-03-24T17:21:56
可可西里,8.9,剧情 犯罪,中国大陆 中国香港,陆川 Chuan Lu,多布杰 Duobujie / 张磊 Lei Zhang / 亓亮 Qi L...,\N,https://movie.douban.com/subject/1308857/,豆瓣电影,2026-03-24T17:21:56
你看起来好像很好吃,8.9,剧情 动画 儿童,日本,藤森雅也 Masaya Fujimori,山口胜平 Kappei Yamaguchi / 爱河...,\N,https://movie.douban.com/subject/4848115/,豆瓣电影,2026-03-24T17:21:56
爱乐之城,8.4,剧情 爱情 歌舞,美国,达米恩·查泽雷 Damien Chazelle,瑞恩·高斯林 Ryan Gosling /...,\N,https://movie.douban.com/subject/25934014/,豆瓣电影,2026-03-24T17:21:56
贫民窟的百万富翁,8.6,剧情 爱情,英国,丹尼·鲍尔 Danny Boyle / 洛芙琳·坦丹 Loveleen Tandan,戴夫...,\N,https://movie.douban.com/subject/2209573/,豆瓣电影,2026-03-24T17:21:56
波西米亚狂想曲,8.6,剧情 传记 同性 音乐,英国 美国,布莱恩·辛格 Bryan Singer,拉米·马雷克 Rami Malek / 本·哈...,\N,https://movie.douban.com/subject/5300054/,豆瓣电影,2026-03-24T17:21:56
城市之光,9.3,喜剧 剧情 爱情,美国,查理·卓别林 Charles Chaplin,查理·卓别林 Charles Chaplin ...,\N,https://movie.douban.com/subject/1293908/,豆瓣电影,2026-03-24T17:21:56
爆裂鼓手,8.6,剧情 音乐,美国,达米恩·查泽雷 Damien Chazelle,迈尔斯·特勒 Miles Teller /...,\N,https://movie.douban.com/subject/25773932/,豆瓣电影,2026-03-24T17:21:56
青蛇,8.6,剧情 爱情 奇幻 古装,中国香港 中国大陆,徐克 Hark Tsui,张曼玉 Maggie Cheung / 王祖贤 Joey Wang / ...,\N,https://movie.douban.com/subject/1303394/,豆瓣电影,2026-03-24T17:21:56
东邪西毒,8.6,剧情 动作 爱情 武侠 古装,中国香港 中国台湾,王家卫 Kar Wai Wong,张国荣 Leslie Cheung / 林青霞 Brigitte...,\N,https://movie.douban.com/subject/1292328/,豆瓣电影,2026-03-24T17:21:56
哈利·波特与死亡圣器(上),8.6,奇幻 冒险,英国 美国,大卫·叶茨 David Yates,丹尼尔·雷德克里夫 Daniel Radcliffe...,\N,https://movie.douban.com/subject/2051007/,豆瓣电影,2026-03-24T17:21:56
无耻混蛋,8.7,剧情 犯罪,德国 美国,昆汀·塔伦蒂诺 Quentin Tarantino,布拉德·皮特 Brad Pitt / ...,\N,https://movie.douban.com/subject/1438652/,豆瓣电影,2026-03-24T17:21:56
终结者2：审判日,8.8,动作 科幻,美国 法国,詹姆斯·卡梅隆 James Cameron,阿诺·施瓦辛格 Arnold Schwarz...,\N,https://movie.douban.com/subject/1291844/,豆瓣电影,2026-03-24T17:21:56
大红灯笼高高挂,8.8,剧情,中国大陆 中国香港 中国台湾,张艺谋 Yimou Zhang,巩俐 Li Gong / 马精武 Jingwu Ma / 何赛...,\N,https://movie.douban.com/subject/1293323/,豆瓣电影,2026-03-24T17:21:56
黑天鹅,8.6,剧情 惊悚,美国,达伦·阿罗诺夫斯基 Darren Aronofsky,娜塔莉·波特曼 Natalie...,\N,https://movie.douban.com/subject/1978709/,豆瓣电影,2026-03-24T17:21:56
新龙门客栈,8.7,动作 爱情 武侠 古装,中国香港 中国大陆,李惠民 Raymond Lee,张曼玉 Maggie Cheung / 林青霞 Brigitte ...,\N,https://movie.douban.com/subject/1292287/,豆瓣电影,2026-03-24T17:21:56
初恋这件小事,8.5,剧情 喜剧 爱情,泰国,普特鹏·普罗萨卡·那·萨克那卡林 Puttipong Promsaka Na Sakolnakorn / 华森·波克彭...,\N,\N,https://movie.douban.com/subject/4739952/,豆瓣电影,2026-03-24T17:21:56
人工智能,8.7,剧情 科幻,美国,史蒂文·斯皮尔伯格 Steven Spielberg,海利·乔·奥斯蒙 Haley...,\N,https://movie.douban.com/subject/1302827/,豆瓣电影,2026-03-24T17:21:56
千钧一发,8.8,剧情 科幻 惊悚,美国,安德鲁·尼科尔 Andrew Niccol,伊桑·霍克 Ethan Hawke / 乌玛...,\N,https://movie.douban.com/subject/1300117/,豆瓣电影,2026-03-24T17:21:56
崖上的波妞,8.6,动画 奇幻 冒险,日本,宫崎骏 Hayao Miyazaki,奈良柚莉爱 Yuria Nara / 土井洋辉 Hir...,\N,https://movie.douban.com/subject/1959877/,豆瓣电影,2026-03-24T17:21:56
雨人,8.7,剧情,美国,巴瑞·莱文森 Barry Levinson,达斯汀·霍夫曼 Dustin Hoffman ...,\N,https://movie.douban.com/subject/1291870/,豆瓣电影,2026-03-24T17:21:56
虎口脱险,8.9,喜剧 战争,法国 英国,杰拉尔·乌里 Gérard Oury,路易·德·菲耐斯 Louis de Funès...,\N,https://movie.douban.com/subject/1296909/,豆瓣电影,2026-03-24T17:21:56
哈利·波特与凤凰社,8.6,奇幻 冒险,英国 美国,大卫·叶茨 David Yates,丹尼尔·雷德克里夫 Daniel Radcliffe...,\N,https://movie.douban.com/subject/1457217/,豆瓣电影,2026-03-24T17:21:56
彗星来的那一夜,8.6,科幻 悬疑 惊悚,美国 英国,詹姆斯·沃德·布柯特 James Ward Byrkit,艾米丽·芭尔多尼 Em...,\N,https://movie.douban.com/subject/25807345/,豆瓣电影,2026-03-24T17:21:56
罗生门,8.8,剧情 犯罪 悬疑,日本,黑泽明 Akira Kurosawa,三船敏郎 Toshirô Mifune / 京町子 ...,\N,https://movie.douban.com/subject/1291879/,豆瓣电影,2026-03-24T17:21:56
海边的曼彻斯特,8.6,剧情 家庭,美国,肯尼斯·罗纳根 Kenneth Lonergan,卡西·阿弗莱克 Casey Affle...,\N,https://movie.douban.com/subject/25980443/,豆瓣电影,2026-03-24T17:21:56
恋恋笔记本,8.5,剧情 爱情,美国,尼克·卡索维茨 Nick Cassavetes,瑞恩·高斯林 Ryan Gosling /...,\N,https://movie.douban.com/subject/1309163/,豆瓣电影,2026-03-24T17:21:56
真爱至上,8.5,喜剧 剧情 爱情,英国 美国 法国,理查德·柯蒂斯 Richard Curtis,休·格兰特 Hugh Grant / 连姆...,\N,https://movie.douban.com/subject/1292401/,豆瓣电影,2026-03-24T17:21:56
火星救援,8.5,剧情 科幻 冒险,英国 美国 匈牙利 约旦,雷德利·斯科特 Ridley Scott,马特·达蒙 Matt Damon / 杰西卡...,\N,https://movie.douban.com/subject/25864085/,豆瓣电影,2026-03-24T17:21:56
黑客帝国2：重装上阵,8.7,动作 科幻,美国,拉娜·沃卓斯基 Lana Wachowski / 莉莉·沃卓斯基 Lilly Wachowski ...,\N,\N,https://movie.douban.com/subject/1304141/,豆瓣电影,2026-03-24T17:21:56
步履不停,8.8,剧情 家庭,日本,是枝裕和 Hirokazu Koreeda,阿部宽 Hiroshi Abe / 夏川结衣 Yu...,\N,https://movie.douban.com/subject/2222996/,豆瓣电影,2026-03-24T17:21:56
冰雪奇缘,8.5,喜剧 动画 奇幻 歌舞,美国,克里斯·巴克 Chris Buck / 珍妮弗·李 Jennifer Lee,克里斯汀...,\N,https://movie.douban.com/subject/4202982/,豆瓣电影,2026-03-24T17:21:56
奇迹男孩,8.6,剧情 儿童 家庭,美国 中国香港,斯蒂芬·卓博斯基 Stephen Chbosky,雅各布·特伦布莱 Jacob Tr...,\N,https://movie.douban.com/subject/26787574/,豆瓣电影,2026-03-24T17:21:56
千年女优,8.8,动画 剧情 爱情,日本,今敏 Satoshi Kon,庄司美代子 Miyoko Shôji / 小山茉美 Mam...,\N,https://movie.douban.com/subject/1307394/,豆瓣电影,2026-03-24T17:21:56
战争之王,8.7,剧情 犯罪,美国 德国,安德鲁·尼科尔 Andrew Niccol,尼古拉斯·凯奇 Nicolas Cage /...,\N,https://movie.douban.com/subject/1419936/,豆瓣电影,2026-03-24T17:21:56
谍影重重2,8.7,动作 悬疑 惊悚,美国 德国,保罗·格林格拉斯 Paul Greengrass,马特·达蒙 Matt Damon / ...,\N,https://movie.douban.com/subject/1308767/,豆瓣电影,2026-03-24T17:21:56
蜘蛛侠：平行宇宙,8.6,动作 科幻 动画 冒险,美国,鲍勃·佩尔西凯蒂 Bob Persichetti / 彼得·拉姆齐 Peter Ramsey 主...,\N,\N,https://movie.douban.com/subject/26374197/,豆瓣电影,2026-03-24T17:21:56
攻壳机动队,9.0,动作 科幻 动画,日本,押井守 Mamoru Oshii,田中敦子 Atsuko Tanaka / 大冢明夫 Akio...,\N,https://movie.douban.com/subject/1291936/,豆瓣电影,2026-03-24T17:21:56
血钻,8.7,剧情 惊悚 冒险,美国 德国 英国,爱德华·兹威克 Edward Zwick,莱昂纳多·迪卡普里奥 Leonardo ...,\N,https://movie.douban.com/subject/1428175/,豆瓣电影,2026-03-24T17:21:56
小姐,8.5,剧情 悬疑 情色 同性,韩国,朴赞郁 Chan-wook Park,金敏喜 Min-hee Kim / 金泰梨 Tae-ri K...,\N,https://movie.douban.com/subject/25977027/,豆瓣电影,2026-03-24T17:21:56
隐藏人物,8.9,剧情 传记 历史,美国,特奥多尔·梅尔菲 Theodore Melfi,塔拉吉·P·汉森 Taraji P. ...,\N,https://movie.douban.com/subject/26615208/,豆瓣电影,2026-03-24T17:21:56
魂断蓝桥,8.8,剧情 爱情 战争,美国,茂文·勒鲁瓦 Mervyn LeRoy,费雯·丽 Vivien Leigh / 罗伯特·...,\N,https://movie.douban.com/subject/1293964/,豆瓣电影,2026-03-24T17:21:56
血观音,8.6,剧情 悬疑,中国台湾,杨雅喆 Ya-che Yang,惠英红 Kara Wai Ying Hung / 吴可熙 Wu K...,\N,https://movie.douban.com/subject/27113517/,豆瓣电影,2026-03-24T17:21:56
房间,8.7,剧情 家庭,爱尔兰 加拿大 英国 美国,伦尼·阿伯拉罕森 Lenny Abrahamson,布丽·拉尔森 Brie Larson...,\N,https://movie.douban.com/subject/25724855/,豆瓣电影,2026-03-24T17:21:56
